,question,qtype,qtype_coarse,qtype_fine
0,"How did serfdom develop in and then leave Russia ?
",DESC:manner,DESC,manner
1,"What films featured the character Popeye Doyle ?
",ENTY:cremat,ENTY,cremat
2,"How can I find a list of celebrities ' real names ?
",DESC:manner,DESC,manner
3,"What fowl grabs the spotlight after the Chinese Year of the Monkey ?
",ENTY:animal,ENTY,animal
4,"What is the full form of .com ?
",ABBR:exp,ABBR,exp
5,"What contemptible scoundrel stole the cork from my lunch ?
",HUM:ind,HUM,ind
6,"What team did baseball 's St. Louis Browns become ?
",HUM:gr,HUM,gr
7,"What is the oldest profession ?
",HUM:title,HUM,title
8,"What are liver enzymes ?
",DESC:def,DESC,def
9,"Name the scar-faced bounty hunter of The Old West .
",HUM:ind,HUM,ind
10,"When was Ozzy Osbourne born ?
",NUM:date,NUM,date
11,"Why do heavier objects travel downhill faster ?
",DESC:reason,DESC,reason
12,"Who was The Pride of the Yankees ?
",HUM:ind,HUM,ind
13,"Who killed Gandhi ?
",HUM:ind,HUM,ind
14,"What is considered the costliest disaster the insurance industry has ever faced ?
",ENTY:event,ENTY,event
15,"What sprawling U.S. state boasts the most airports ?
",LOC:state,LOC,state
16,"What did the only repealed amendment to the U.S. Constitution deal with ?
",DESC:desc,DESC,desc
17,"How many Jews were executed in concentration camps during WWII ?
",NUM:count,NUM,count
18,"What is `` Nine Inch Nails '' ?
",DESC:def,DESC,def
19,"What is an annotated bibliography ?
",DESC:def,DESC,def
20,"What is the date of Boxing Day ?
",NUM:date,NUM,date
21,"What articles of clothing are tokens in Monopoly ?
",ENTY:other,ENTY,other
22,"Name 11 famous martyrs .
",HUM:ind,HUM,ind
23,"What 's the Olympic motto ?
",DESC:desc,DESC,desc
24,"What is the origin of the name ` Scarlett ' ?
",DESC:desc,DESC,desc
25,"What 's the second-most-used vowel in English ?
",ENTY:letter,ENTY,letter
26,"Who was the inventor of silly putty ?
",HUM:ind,HUM,ind
27,"What is the highest waterfall in the United States ?
",LOC:other,LOC,other
28,"Name a golf course in Myrtle Beach .
",ENTY:other,ENTY,other
29,"Which two states enclose Chesapeake Bay ?
",LOC:state,LOC,state
30,"What does the abbreviation AIDS stand for ?
",ABBR:exp,ABBR,exp
31,"What does a spermologer collect ?
",ENTY:other,ENTY,other
32,"How many points make up a perfect fivepin bowling score ?
",NUM:count,NUM,count
33,"Which company that manufactures video-game hardware sells the `` super system '' ?
",HUM:gr,HUM,gr
34,"How many Community Chest cards are there in Monopoly ?
",NUM:count,NUM,count
35,"What do Mormons believe ?
",DESC:desc,DESC,desc
36,"When did the neanderthal man live ?
",NUM:date,NUM,date
37,"In what religion was Isis the nature goddess ?
",ENTY:religion,ENTY,religion
38,"Where do the adventures of `` The Swiss Family Robinson '' take place ?
",LOC:other,LOC,other
39,"What relative of the racoon is sometimes known as the cat-bear ?
",ENTY:animal,ENTY,animal
40,"How can I register my website in Yahoo for free ?
",DESC:manner,DESC,manner
41,"What was cash-conscious Colonel Edwin L. Drake the first to drill ?
",ENTY:other,ENTY,other
42,"How many people in the world speak French ?
",NUM:count,NUM,count
43,"How many inches over six feet is the Venus de Milo ?
",NUM:count,NUM,count
44,"How do they find or choose witnesses to an execution ?
",DESC:manner,DESC,manner
45,"What 1920s cowboy star rode Tony the Wonder Horse ?
",HUM:ind,HUM,ind
46,"What cocktail inspired John Doxat to write the book Stirred-Not Shaken ?
",ENTY:food,ENTY,food
47,"What ISPs exist in the Caribbean ?
",HUM:gr,HUM,gr
48,"How do you ask a total stranger out on a date ?
",DESC:manner,DESC,manner
49,"What weapon is the mythological character Apollo most proficient with ?
",ENTY:other,ENTY,other
50,"What country do the Galapagos Islands belong to ?
",LOC:country,LOC,country
51,"What is ethology ?
",DESC:def,DESC,def
52,"Who was the prophet of the Muslim people ?
",HUM:ind,HUM,ind
53,"Where did the term `` 86ed '' come from ?
",DESC:desc,DESC,desc
54,"Who is Snoopy 's arch-enemy ?
",HUM:ind,HUM,ind
55,"What is the nature of learning ?
",DESC:def,DESC,def
56,"What 's the only color Johnny Cash wears on stage ?
",ENTY:color,ENTY,color
57,"What 's the term for a young fox ?
",ENTY:termeq,ENTY,termeq
58,"What U.S. state lived under six flags ?
",LOC:state,LOC,state
59,"What is the Kashmir issue ?
",DESC:def,DESC,def
60,"Where is the Loop ?
",LOC:other,LOC,other
61,"What does `` extended definition '' mean and how would one write a paper on it ?
",DESC:def,DESC,def
62,"What country 's capital is Tirana ?
",LOC:country,LOC,country
63,"What is titanium ?
",DESC:def,DESC,def
64,"Who do Herb and Tootsie live next door to ?
",HUM:ind,HUM,ind
65,"Which city has the oldest relationship as a sister√∞city with Los Angeles ?
",LOC:city,LOC,city
66,"What is a caldera ?
",DESC:def,DESC,def
67,"Why do people get calluses ?
",DESC:reason,DESC,reason
68,"What are the names of the tourist attractions in Reims ?
",LOC:other,LOC,other
69,"What are Cushman and Wakefield known for ?
",DESC:reason,DESC,reason
70,"What body of water does the Danube River flow into ?
",LOC:other,LOC,other
71,"Who is the founder of Scientology ?
",HUM:ind,HUM,ind
72,"What does the six-footed Musca domestica become when it enters a house ?
",ENTY:other,ENTY,other
73,"What is the history of skateboarding ?
",DESC:desc,DESC,desc
74,"Who starred in Singing in the Rain and The Singing Nun ?
",HUM:ind,HUM,ind
75,"How do I make fuel bricks from recycled newspaper ?
",DESC:manner,DESC,manner
76,"What 19th-century painter died in the Marquesas Islands ?
",HUM:ind,HUM,ind
77,"The corpus callosum is in what part of the body ?
",ENTY:body,ENTY,body
78,"How do I log on to home page at Headquarters U.S. European Command ?
",DESC:manner,DESC,manner
79,"What country did the Nazis occupy for 1 , CD NNS IN NNP NNP NNP .
",LOC:country,LOC,country
80,"What is Nebraska 's most valuable resource ?
",ENTY:other,ENTY,other
81,"How many species of the Great White shark are there ?
",NUM:count,NUM,count
82,"What is the origin of head lice ?
",DESC:desc,DESC,desc
83,"What is the nickname for the state of Mississippi ?
",LOC:state,LOC,state
84,"What was the first domesticated bird ?
",ENTY:animal,ENTY,animal
85,"How many villi are found in the small intestine ?
",NUM:count,NUM,count
86,"What country did King Wenceslas rule ?
",LOC:country,LOC,country
87,"What is a fear of shadows ?
",ENTY:dismed,ENTY,dismed
88,"Who were the five Marx brothers ?
",HUM:ind,HUM,ind
89,"In which year was New Zealand excluded from the ANZUS alliance ?
",NUM:date,NUM,date
90,"When did CNN begin broadcasting ?
",NUM:date,NUM,date
91,"What causes the body to shiver in cold temperatures ?
",DESC:reason,DESC,reason
92,"What are bear and bull markets ?
",DESC:def,DESC,def
93,"What J.R.R. Tolkien book features Bilbo Baggins as the central character ?
",ENTY:cremat,ENTY,cremat
94,"What is `` dew point '' ?
",DESC:def,DESC,def
95,"What is the meaning of Jesus ?
",DESC:def,DESC,def
96,"What company 's logo is a `` W '' in a circle ?
",HUM:gr,HUM,gr
97,"What is the definition of a cascade ?
",DESC:def,DESC,def
98,"When did Rococo painting and architecture flourish ?
",NUM:date,NUM,date
99,"What country 's national passenger rail system is called Via ?
",LOC:country,LOC,country
100,"Who invented Make-up ?
",HUM:ind,HUM,ind
101,"What is the origin of the word `` attic '' ?
",DESC:desc,DESC,desc
102,"What did Delilah do to Samson 's hair ?
",DESC:desc,DESC,desc
103,"What kind of animals were in the Paleozoic era ?
",ENTY:animal,ENTY,animal
104,"Which of the following was Rhodes Scholar ?
",HUM:ind,HUM,ind
105,"Who comprised the now-defunct comic book team known as the Champions ?
",HUM:ind,HUM,ind
106,"How do you make a paintball ?
",DESC:manner,DESC,manner
107,"What U.S. state is Fort Knox in ?
",LOC:state,LOC,state
108,"What is a female rabbit called ?
",ENTY:animal,ENTY,animal
109,"Where is the highest point in Japan ?
",LOC:mount,LOC,mount
110,"Where do chihuahuas come from ?
",DESC:desc,DESC,desc
111,"Where does Barney Rubble go to work after he drops Fred off in the `` Flintstones '' cartoon series ?
",LOC:other,LOC,other
112,"What are the world 's four oceans ?
",LOC:other,LOC,other
113,"What 's the only work by Michelangelo that bears his signature ?
",ENTY:cremat,ENTY,cremat
114,"What is the largest snake in the world ?
",ENTY:animal,ENTY,animal
115,"In what medium is Stuart Hamblen considered to be the first singing cowboy ?
",ENTY:cremat,ENTY,cremat
116,"Where on the Internet can I find a song lyrics database similar to the International Lyrics Server ?
",LOC:other,LOC,other
117,"How much money does a back injury lawsuit get ?
",NUM:money,NUM,money
118,"What 's the common name for acetylsalicylic acid ?
",ENTY:termeq,ENTY,termeq
119,"What does the Georgetown `` Hoya '' mean ?
",DESC:def,DESC,def
120,"Where can I find a list of `` classic '' books 5th and 6th graders should read ?
",LOC:other,LOC,other
121,"Which two products use a tiger as their symbol ?
",ENTY:product,ENTY,product
122,"How is the election of a new Pope announced to the world ?
",DESC:manner,DESC,manner
123,"How long does it take for your blood to make one complete trip through the body ?
",NUM:period,NUM,period
124,"How do chickens have baby chicks ?
",DESC:manner,DESC,manner
125,"What is the historical relationship of Catholic Church and bingo ?
",DESC:desc,DESC,desc
126,"How was the element calcium named ?
",DESC:manner,DESC,manner
127,"What crooner joined The Andrews Sisters for Pistol Packin Mama ?
",HUM:ind,HUM,ind
128,"What piano company claims its product is the `` Instrument of the immortals '' ?
",HUM:gr,HUM,gr
129,"When did the Bounty mutiny take place ?
",NUM:date,NUM,date
130,"What novel inspired the movie BladeRunner ?
",ENTY:cremat,ENTY,cremat
131,"What is a transistor ?
",DESC:def,DESC,def
132,"What is a film starring Jude Law ?
",ENTY:cremat,ENTY,cremat
133,"What Hollywood dog died in the arms of Jean Harlow in 1932 ?
",ENTY:animal,ENTY,animal
134,"What are the most common elements in the Earth 's crust ?
",ENTY:substance,ENTY,substance
135,"How much would it cost to purchase a 2-foot-square party tent , with sides , ?
",NUM:money,NUM,money
136,"What actress has received the most Oscar nominations ?
",HUM:ind,HUM,ind
137,"What are equity securities ?
",DESC:def,DESC,def
138,"What is gymnophobia ?
",DESC:def,DESC,def
139,"How many years do fossils take to form ?
",NUM:count,NUM,count
140,"Where is the Orinoco ?
",LOC:other,LOC,other
141,"What was the name of the `` Little Rascals '' dog ?
",ENTY:animal,ENTY,animal
142,"What city boasts Penn 's Landing , on the banks of the Delaware river ?
",LOC:city,LOC,city
143,"What Broadway musical was inspired by Cervantes 's Don Quixote ?
",ENTY:cremat,ENTY,cremat
144,"What is the origin of the word , JJ .
",DESC:desc,DESC,desc
145,"How many hostages were killed in the Entebbe raid ?
",NUM:count,NUM,count
146,"How you can raise your IQ ?
",DESC:manner,DESC,manner
147,"What does INRI stand for when used on Jesus ' cross ?
",ABBR:exp,ABBR,exp
148,"Who produces Spumante ?
",HUM:gr,HUM,gr
149,"Who earns their money the hard way ?
",HUM:ind,HUM,ind
150,"Who founded the People 's Temple Commune ?
",HUM:ind,HUM,ind
151,"What athlete makes the most money from sports merchandise sales ?
",HUM:ind,HUM,ind
152,"How many bends are there in a standard paper clip ?
",NUM:count,NUM,count
153,"Who discovered electricity ?
",HUM:ind,HUM,ind
154,"What part of your body contains the corpus callosum ?
",ENTY:body,ENTY,body
155,"Who was the first American in space ?
",HUM:ind,HUM,ind
156,"What two South American countries do n't border Brazil ?
",LOC:country,LOC,country
157,"What album put The Beatles on the cover of Time in 1967 ?
",ENTY:cremat,ENTY,cremat
158,"What poem contains the line , `` grow old with me the best is yet to be '' .
",ENTY:cremat,ENTY,cremat
159,"What is a dental root canal ?
",DESC:def,DESC,def
160,"What war did the Wanna-Go-Home Riots occur after ?
",ENTY:event,ENTY,event
161,"What is the busiest air travel season ?
",NUM:date,NUM,date
162,"What 's the colored part of the eye called ?
",ENTY:body,ENTY,body
163,"What are hook worms ?
",DESC:def,DESC,def
164,"Where is the Rose Bowl played ?
",LOC:other,LOC,other
165,"Which Japanese car maker had its biggest percentage of sale in the domestic market ?
",HUM:gr,HUM,gr
166,"Who is the mayor of Marbella ?
",HUM:ind,HUM,ind
167,"What sun-blasted , 14-mile wide valley is just north of the Mojave desert ?
",LOC:other,LOC,other
168,"In what year did Thatcher become prime minister ?
",NUM:date,NUM,date
169,"How many months does it take the moon to revolve around the Earth ?
",NUM:count,NUM,count
170,"Where are the 49 steps ?
",LOC:other,LOC,other
171,"In what year was De Gaulle elected president of France ?
",NUM:date,NUM,date
172,"Who sings the themes for `` Dawson 's Creek '' and `` Felicity '' ?
",HUM:ind,HUM,ind
173,"Who directed `` Jaws '' ?
",HUM:ind,HUM,ind
174,"On what T.V. show could Tom Terrific be found ?
",ENTY:cremat,ENTY,cremat
175,"What Indian tribe is F Troop perpetually doing battle with ?
",HUM:gr,HUM,gr
176,"Where did Indian Pudding come from ?
",DESC:desc,DESC,desc
177,"Why do some clothing labels say `` Use a nonchlorine bleach '' ?
",DESC:reason,DESC,reason
178,"How many colonies were involved in the American Revolution ?
",NUM:count,NUM,count
179,"What is the name of the city that Maurizio Pellegrin lives in ?
",LOC:city,LOC,city
180,"Where can I find pictorial directions on how to build a very simple treehouse ?
",LOC:other,LOC,other
181,"What game 's board shows the territories of Irkutsk , Yakutsk and Kamchatka ?
",ENTY:sport,ENTY,sport
182,"What is the name of the managing director of Apricot Computer ?
",HUM:ind,HUM,ind
183,"What is the occupation of Nicholas Cage ?
",HUM:title,HUM,title
184,"Why do horseshoes bring luck ?
",DESC:reason,DESC,reason
185,"What is the 401 , K , plan ?
",DESC:def,DESC,def
186,"What causes pneumonia ?
",DESC:reason,DESC,reason
187,"What are the three winter months in the southern hemisphere ?
",NUM:date,NUM,date
188,"What does gringo mean ?
",DESC:def,DESC,def
189,"What country contains Africa 's northernmost point ?
",LOC:country,LOC,country
190,"What therapy attempts to elicit the `` primal scream '' ?
",ENTY:dismed,ENTY,dismed
191,"Where is the Kalahari desert ?
",LOC:other,LOC,other
192,"Which Ventura County police department seized the largest cocaine shipment in it 's history ?
",HUM:gr,HUM,gr
193,"What city is sometimes called Gotham ?
",LOC:city,LOC,city
194,"What dangles over the tongue from the palate ?
",ENTY:body,ENTY,body
195,"Who created Dennis the Menace ?
",HUM:ind,HUM,ind
196,"What dummy received an honorary degree from Northwestern University ?
",HUM:ind,HUM,ind
197,"When was the first Wall Street Journal published ?
",NUM:date,NUM,date
198,"What countries have the largest areas of forest ?
",LOC:country,LOC,country
199,"How do I start a web based business ?
",DESC:manner,DESC,manner
200,"Name Alvin 's brothers
",HUM:ind,HUM,ind
201,"What is Eagle 's syndrome styloid process ?
",DESC:def,DESC,def
202,"How did Jayne Mansfield die ?
",DESC:manner,DESC,manner
203,"When did the royal wedding of Prince Andrew and Fergie take place ?
",NUM:date,NUM,date
204,"What actor said in A Day at the Races : `` Either he 's dead or my watch has stopped '' ?
",HUM:ind,HUM,ind
205,"What explorer was nicknamed Iberia 's Pilot ?
",HUM:ind,HUM,ind
206,"CNN began broadcasting in what year ?
",NUM:date,NUM,date
207,"What is a ball that hits the foul pole called ?
",ENTY:termeq,ENTY,termeq
208,"What makes hamburgers taste like steakburgers ?
",DESC:reason,DESC,reason
209,"Which company created the Internet browser Mosaic ?
",HUM:gr,HUM,gr
210,"What are the rites accompanying the circumcision of a newly born-child in Judaism called ?
",ENTY:event,ENTY,event
211,"What was the education system in the 1960 's ?
",ENTY:other,ENTY,other
212,"What South American city has the world 's highest commercial landing field ?
",LOC:city,LOC,city
213,"How can I find out which cities have cable-modem access ?
",DESC:manner,DESC,manner
214,"What is Betsy Ross famous for ?
",DESC:reason,DESC,reason
215,"How many species of sharks are there ?
",NUM:count,NUM,count
216,"What is `` snoogans '' ?
",DESC:def,DESC,def
217,"How many people are there in the world ?
",NUM:count,NUM,count
218,"What shrubs can be planted that will be safe from deer ?
",ENTY:plant,ENTY,plant
219,"What organization 's offices were broken into at Watergate in 1972 ?
",HUM:gr,HUM,gr
220,"What is the design of the ship Titanic ?
",DESC:desc,DESC,desc
221,"What does S.O.S. stand for ?
",ABBR:exp,ABBR,exp
222,"Name a technique widely used to detect birth defects ?
",ENTY:techmeth,ENTY,techmeth
223,"What is the daily requirement of folic acid for an expectant mother ?
",DESC:desc,DESC,desc
224,"What is the `` 7-minute cigarette '' ?
",DESC:def,DESC,def
225,"What four forms does gold occur in ?
",ENTY:other,ENTY,other
226,"What is the acreage of the Chappellet vineyard ?
",NUM:volsize,NUM,volsize
227,"How do you correctly say the word ` qigong ' ?
",DESC:manner,DESC,manner
228,"When did beethoven die ?
",NUM:date,NUM,date
229,"How much does a new railroad coal car cost ?
",NUM:money,NUM,money
230,"What two European countries entered the War of American Independence against the British ?
",LOC:country,LOC,country
231,"What is the filmmakers collabrative ?
",DESC:def,DESC,def
232,"What Russian composer 's Prelude in C Sharp Minor brought him fame and fortune ?
",HUM:ind,HUM,ind
233,"What caused Harry Houdini 's death ?
",DESC:reason,DESC,reason
234,"Who was the mother of the man who would not be king , the duke of Windsor ?
",HUM:ind,HUM,ind
235,"How many revolutions does a standard LP make in three minutes ?
",NUM:count,NUM,count
236,"What is the name of the tallest mountain in the world ?
",LOC:mount,LOC,mount
237,"Where can I find a review of Nightmare on Elm Street in a film journal ?
",LOC:other,LOC,other
238,"What 's the slowest Olympic swimming stroke ?
",ENTY:techmeth,ENTY,techmeth
239,"What was the name of the first Russian astronaut to do a spacewalk ?
",HUM:ind,HUM,ind
240,"What disease is transmitted by the Anopheles mosquito ?
",ENTY:dismed,ENTY,dismed
241,"What rum is so `` mixable '' it is a one-brand bar ?
",ENTY:food,ENTY,food
242,"How many South American countries have the letter Z in their names ?
",NUM:count,NUM,count
243,"What is the contents of proposition 98 ?
",DESC:def,DESC,def
244,"Where was George Washington born ?
",LOC:other,LOC,other
245,"How many people on the ground were killed from the bombing of Pan Am Flight 103 over Lockerbie , Scotland , December 21 , CD .
",NUM:count,NUM,count
246,"Who wrote NN DT NNP NNP '' ?
",HUM:ind,HUM,ind
247,"What is paracetamol ?
",DESC:def,DESC,def
248,"What are the powers and weaknesses of Green Lantern 's ring ?
",DESC:desc,DESC,desc
249,"Which mosquito 's bite draws blood , DT NN CC DT NN .
",ENTY:animal,ENTY,animal
250,"When was the first steel mill in the United States built ?
",NUM:date,NUM,date
251,"What diminutive American female gymnast stole the show at the 1984 Olympics ?
",HUM:ind,HUM,ind
252,"What is the origin of the name Katie ?
",DESC:desc,DESC,desc
253,"What schools in the Washington , DC NN NN VBP NN NN NN NN .
",HUM:gr,HUM,gr
254,"When did the Berlin Wall go up ?
",NUM:date,NUM,date
255,"Who is Terrence Malick ?
",HUM:desc,HUM,desc
256,"What instrument is Ray Charles best known for playing ?
",ENTY:instru,ENTY,instru
257,"What 's the meaning of the Latin battle cry : Ad arma , ad arma .
",DESC:def,DESC,def
258,"What is the mascot for Notre Dame University ?
",ENTY:other,ENTY,other
259,"What Las Vegas hotel burned in November , 1980 , with the loss of 84 lives ?
",LOC:other,LOC,other
260,"When did Mount St. Helen last have a significant eruption ?
",NUM:date,NUM,date
261,"CNN is the abbreviation for what ?
",ABBR:exp,ABBR,exp
262,"When did World War I start ?
",NUM:date,NUM,date
263,"How many feet are there in a fathom ?
",NUM:count,NUM,count
264,"What is a Canada two-penny black ?
",DESC:def,DESC,def
265,"What European city do Nicois live in ?
",LOC:city,LOC,city
266,"How can I find out what year a Beanie Baby was introduced ?
",DESC:manner,DESC,manner
267,"What is the classic definition of tragic hero ?
",DESC:def,DESC,def
268,"To what does Microsoft 's Windows 3 owe its success ?
",ENTY:other,ENTY,other
269,"Who was President of Afghanistan in 1994 ?
",HUM:ind,HUM,ind
270,"What are other ways of getting stretch marks besides pregnancy , weight loss , and weight lifting ?
",ENTY:techmeth,ENTY,techmeth
271,"What did brontosauruses eat ?
",ENTY:food,ENTY,food
272,"What color bottles do good Rhine wines come in ?
",ENTY:color,ENTY,color
273,"Who was the lead actress in the movie ` Sleepless in Seattle ' ?
",HUM:ind,HUM,ind
274,"Who was the 16th President of the United States ?
",HUM:ind,HUM,ind
275,"Who are the two sons of Ozzie and Harriet Nelson ?
",HUM:ind,HUM,ind
276,"What is molybdenum ?
",DESC:def,DESC,def
277,"When is Boxing Day ?
",NUM:date,NUM,date
278,"What is the lowest level of the American judiciary ?
",ENTY:other,ENTY,other
279,"When was the battle of the Somme fought ?
",NUM:date,NUM,date
280,"How many people did Randy Craft kill ?
",NUM:count,NUM,count
281,"What 's the official animal of Canada ?
",ENTY:animal,ENTY,animal
282,"When did Spielberg direct `` Jaws '' ?
",NUM:date,NUM,date
283,"What is the size of the largest akita ?
",NUM:volsize,NUM,volsize
284,"What animal has the biggest eyes ?
",ENTY:animal,ENTY,animal
285,"What is California 's capital ?
",LOC:city,LOC,city
286,"Who was the author of the book about computer hackers called `` The Cuckoo 's Egg : Tracking a Spy Through the Maze of Computer Espionage '' ?
",HUM:ind,HUM,ind
287,"Who was the founding member of the Pink Floyd band ?
",HUM:ind,HUM,ind
288,"What European country is home to the beer-producing city of Budweis ?
",LOC:country,LOC,country
289,"How do I find the balance of my social security account ?
",DESC:manner,DESC,manner
290,"What is the history of Valentine 's Day cards ?
",DESC:desc,DESC,desc
291,"Where was Christopher Columbus born ?
",LOC:other,LOC,other
292,"What do Italians call Florence ?
",ENTY:termeq,ENTY,termeq
293,"How do you get to the top of the Eiffel Tower ?
",DESC:manner,DESC,manner
294,"What does ` PSI ' stand for ?
",ABBR:exp,ABBR,exp
295,"What sea did the Romans call mare nostrum ?
",LOC:other,LOC,other
296,"What 's the term for a bet before cards are dealt ?
",ENTY:termeq,ENTY,termeq
297,"Which came first , according to Genesis 1 : 2 : 22 - the chicken or the egg ?
",ENTY:animal,ENTY,animal
298,"What city did the Flintstones live in ?
",LOC:city,LOC,city
299,"What is Latin for incompetent ?
",ENTY:termeq,ENTY,termeq
300,"What chemicals are used in lethal injection ?
",ENTY:dismed,ENTY,dismed
301,"What toy company is the world 's No.1 maker of female apparel ?
",HUM:gr,HUM,gr
302,"What board game does a `` wood-pusher '' play poorly ?
",ENTY:sport,ENTY,sport
303,"Which Doonesbury character was likely to turn into a werewolf ?
",HUM:ind,HUM,ind
304,"What is the abbreviation for micro ?
",ABBR:abb,ABBR,abb
305,"What are the 7 articles of the constitution ?
",ENTY:other,ENTY,other
306,"Who has won the most Super Bowls ?
",HUM:gr,HUM,gr
307,"What does NASDAQ stand for ?
",ABBR:exp,ABBR,exp
308,"What is BPH ?
",ABBR:exp,ABBR,exp
309,"What is the fastest commercial automobile that can be bought in the US ?
",ENTY:other,ENTY,other
310,"What stadium do the Miami Dolphins play their home games in ?
",LOC:other,LOC,other
311,"Who has the only speaking role in `` Silent Movie '' ?
",HUM:ind,HUM,ind
312,"Why is poop sometimes different colors ?
",DESC:reason,DESC,reason
313,"What was Einstein 's IQ ?
",NUM:other,NUM,other
314,"What day was Pearl Harbor attacked in 1942 ?
",NUM:date,NUM,date
315,"What girl 's name is `` Teddy '' an affectionate form of ?
",HUM:ind,HUM,ind
316,"What state is John F. Kennedy buried in ?
",LOC:state,LOC,state
317,"What is the best way to remove wallpaper ?
",ENTY:techmeth,ENTY,techmeth
318,"What U.S. state has an element named for it ?
",LOC:state,LOC,state
319,"What company tabulates the ballots in voting for the Academy Awards ?
",HUM:gr,HUM,gr
320,"How did the tradition of best man start ?
",DESC:manner,DESC,manner
321,"How many years ago did the ship Titanic sink ?
",NUM:count,NUM,count
322,"What is the deepest area of the Arctic Ocean ?
",LOC:other,LOC,other
323,"What are Halloween 's colors ?
",ENTY:color,ENTY,color
324,"How is silk screening done ?
",DESC:manner,DESC,manner
325,"What is the latitude and longitude of El Paso , Texas ?
",NUM:other,NUM,other
326,"Who made a boat out of gopher wood ?
",HUM:ind,HUM,ind
327,"Where can I find a `` Fifth Element '' screensaver ?
",LOC:other,LOC,other
328,"Which Bloom County resident wreaks havoc with a computer ?
",HUM:ind,HUM,ind
329,"How do you match a name to a social security number ?
",DESC:manner,DESC,manner
330,"How does a rainbow form ?
",DESC:manner,DESC,manner
331,"What is the normal resting heart rate of a healthy adult ?
",NUM:other,NUM,other
332,"What is the population of Ohio ?
",NUM:other,NUM,other
333,"How many calories are there in a Big Mac ?
",NUM:count,NUM,count
334,"Hazmat stands for what ?
",DESC:def,DESC,def
335,"What creature scares people in the film `` Jaws '' ?
",ENTY:animal,ENTY,animal
336,"What part did John Peter Zenger play in the deveopment of the newspaper in America ?
",HUM:ind,HUM,ind
337,"Who followed Caesar ?
",HUM:ind,HUM,ind
338,"What are the four elements ?
",ENTY:substance,ENTY,substance
339,"Who was the first woman golfer to earn a million ?
",HUM:ind,HUM,ind
340,"What 's the tallest piece on a chessboard ?
",ENTY:other,ENTY,other
341,"What is Answers.com 's address ?
",LOC:other,LOC,other
342,"Where can I buy movies on videotape online ?
",LOC:other,LOC,other
343,"Who does the advertizing for Frito-Lay ?
",HUM:ind,HUM,ind
344,"Who is the leading competitor of Trans Union Company ?
",HUM:gr,HUM,gr
345,"What product did Robert Conrad dare people to knock off his shoulder ?
",ENTY:product,ENTY,product
346,"Who invented the radio ?
",HUM:ind,HUM,ind
347,"What 's the American dollar equivalent for 8 pounds in the U.K. ?
",NUM:count,NUM,count
348,"What are the different approaches of systems analysis ?
",ENTY:techmeth,ENTY,techmeth
349,"How do doctors diagnose bone cancer ?
",DESC:manner,DESC,manner
350,"Who is the man behind the pig-the man who pulls the strings and speaks for Miss Piggy ?
",HUM:ind,HUM,ind
351,"What is the speed of the Mississippi River ?
",NUM:speed,NUM,speed
352,"What are the developmental stages of a swimmer ?
",ENTY:other,ENTY,other
353,"What actor first portrayed James Bond ?
",HUM:ind,HUM,ind
354,"What ocean is the largest in the world ?
",LOC:other,LOC,other
355,"Who was the first American poet to win the Nobel Prize for literature , in 1948 ?
",HUM:ind,HUM,ind
356,"What year did Jack Nicklaus join the Professional Golfers Association tour ?
",NUM:date,NUM,date
357,"How many sonnets did Shakespeare write ?
",NUM:count,NUM,count
358,"What causes the redness in your cheeks when you blush ?
",DESC:reason,DESC,reason
359,"Who won the Nobel Peace Prize in 1991 ?
",HUM:ind,HUM,ind
360,"Who are the Challengers of the Unknown ?
",HUM:gr,HUM,gr
361,"Define the Pheonix Club ?
",DESC:def,DESC,def
362,"Which city did Christian Crusaders fight to recapture from the Muslims ?
",LOC:city,LOC,city
363,"What does it mean `` Rupee Depreciates '' ?
",DESC:def,DESC,def
364,"What gaming devices were dubbed `` Mississippi marbles '' and `` Memphis dominoes '' ?
",ENTY:other,ENTY,other
365,"Who was the first coach of the Cleveland Browns ?
",HUM:ind,HUM,ind
366,"How successful is arometherapy ?
",DESC:manner,DESC,manner
367,"What Jewish holiday saw the start of the 1973 Mideast War ?
",ENTY:event,ENTY,event
368,"How does a copier work ?
",DESC:manner,DESC,manner
369,"What is the speed of the Mississippi River ?
",NUM:speed,NUM,speed
370,"Who said of Super Bowl III in 1969 : `` We 'll win- I guarantee it '' ?
",HUM:ind,HUM,ind
371,"What is Dudley Do-Right 's horse 's name ?
",ENTY:animal,ENTY,animal
372,"Who declared : `` I am down on whores and I shan 't stop ripping them '' ?
",HUM:ind,HUM,ind
373,"Where does chocolate come from ?
",LOC:other,LOC,other
374,"What TV game show once saw a contestant admit to picking his toes in the shower ?
",ENTY:cremat,ENTY,cremat
375,"What Soviet leader owned a Rolls-Royce ?
",HUM:ind,HUM,ind
376,"Where can I find a case on Individuals with Disabilities Education Act of 1991 ?
",LOC:other,LOC,other
377,"What war did Florence Nightingale tend the troops in ?
",ENTY:event,ENTY,event
378,"Who wrote the song , `` Stardust '' ?
",HUM:ind,HUM,ind
379,"How many Beatles ' records went #1 ?
",NUM:count,NUM,count
380,"Who is the only prime minister of Canada to serve 22 years but not necessarily consecutively ?
",HUM:ind,HUM,ind
381,"What is the abbreviation of the company name ` General Motors ' ?
",ABBR:abb,ABBR,abb
382,"What mountains lie between the Arkansas and Missouri rivers ?
",LOC:mount,LOC,mount
383,"Who received the Will Rogers Award in 1989 ?
",HUM:ind,HUM,ind
384,"What is the function of RAM ?
",DESC:reason,DESC,reason
385,"What 's the closest G2 Spectrum Yellow Dwarf to Earth ?
",LOC:other,LOC,other
386,"How many equal angles are there in an isosceles triangle ?
",NUM:count,NUM,count
387,"What is the fear of cockroaches called ?
",ENTY:dismed,ENTY,dismed
388,"What CBS soap opera was interrupted by the bulletin of John F. Kennedy 's assassination ?
",ENTY:cremat,ENTY,cremat
389,"What is the use of a 24-hour clock instead of a 12-hour clock ?
",DESC:desc,DESC,desc
390,"What was the name of the lawyer who represented Randy Craft ?
",HUM:ind,HUM,ind
391,"What United States President had dreamed that he was assassinated ?
",HUM:ind,HUM,ind
392,"What film did Lee Marvin win the 1965 best actor Oscar for ?
",ENTY:cremat,ENTY,cremat
393,"Where is Basque country located ?
",LOC:other,LOC,other
394,"What product does `` Mrs. Olsen '' promote ?
",ENTY:product,ENTY,product
395,"What time of day did Emperor Hirohito die ?
",NUM:date,NUM,date
396,"What is dry ice ?
",DESC:def,DESC,def
397,"What 's the most powerful card in Euchre ?
",ENTY:other,ENTY,other
398,"What does `` intractable plantar keratoma '' mean ?
",DESC:def,DESC,def
399,"How many years did it take James Joyce to write Ulysses ?
",NUM:count,NUM,count
400,"What crop failure caused the Irish Famine ?
",ENTY:food,ENTY,food
401,"What South Korean city is served by Kimpo International Airport ?
",LOC:city,LOC,city
402,"How many types of dogs ' tails are there - three
",NUM:count,NUM,count
403,"What is the longest-running television series ?
",ENTY:cremat,ENTY,cremat
404,"What predators exist on Antarctica ?
",ENTY:animal,ENTY,animal
405,"What is the difference between a generator and an alternator ?
",DESC:desc,DESC,desc
406,"How is energy created ?
",DESC:manner,DESC,manner
407,"What beer advertised that it had `` three rings '' ?
",ENTY:food,ENTY,food
408,"What is the quantity of American soldiers still unaccounted for from the Vietnam war ?
",NUM:other,NUM,other
409,"What golfing accessory was patented by George Grant on December 12
",ENTY:techmeth,ENTY,techmeth
410,"What are the different types of plastic ?
",ENTY:other,ENTY,other
411,"How is it correct to say ` qigong ' ?
",DESC:manner,DESC,manner
412,"What was the highest mountain on earth before Mount Everest was discovered ?
",LOC:mount,LOC,mount
413,"Where was the Ligurian Republic , 1797-185 , ?
",LOC:other,LOC,other
414,"What country 's people are the top television watchers ?
",LOC:country,LOC,country
415,"When was the women 's suffrage amendment ratified ?
",NUM:date,NUM,date
416,"What Polynesian people inhabit New Zealand ?
",HUM:gr,HUM,gr
417,"What movie tour of the Roman empire features the admonition : `` Row well and live '' ?
",ENTY:cremat,ENTY,cremat
418,"What Nevada center has been dubbed The Biggest Little City in the World ?
",LOC:city,LOC,city
419,"What President lived at 219 North Delaware Street , Independence , Missouri ?
",HUM:ind,HUM,ind
420,"Give a reason for American Indians oftentimes dropping out of school .
",DESC:reason,DESC,reason
421,"Where must a soccer goalie stand to be permitted to handle the ball ?
",LOC:other,LOC,other
422,"What is the difference between classical conditioning and operant conditioning ?
",DESC:desc,DESC,desc
423,"In what U.S. state was the first woman governor elected ?
",LOC:state,LOC,state
424,"What are some interesting facts and information about dogsledding ?
",DESC:desc,DESC,desc
425,"What year did Hitler die ?
",NUM:date,NUM,date
426,"What famous model was married to Billy Joel ?
",HUM:ind,HUM,ind
427,"What kind of animal is Babar ?
",ENTY:animal,ENTY,animal
428,"What is Jane Goodall known for ?
",DESC:reason,DESC,reason
429,"What killed Bob Marley ?
",ENTY:other,ENTY,other
430,"How much money are Dumbo 's ears insured for ?
",NUM:money,NUM,money
431,"Who danced into stardom with Fred Astaire in 1941 's You 'll Never Get Rich ?
",HUM:ind,HUM,ind
432,"Who is Stein Eriksen ?
",HUM:desc,HUM,desc
433,"What does the name Billie mean ?
",DESC:def,DESC,def
434,"Who is the fastest swimmer in the world ?
",HUM:ind,HUM,ind
435,"What is the highest peak in Africa ?
",LOC:mount,LOC,mount
436,"Where is Procter & Gamble headquartered in the U.S. ?
",LOC:other,LOC,other
437,"What desert has been called The Garden of Allah ?
",LOC:other,LOC,other
438,"What do bicornate animals have two of ?
",ENTY:other,ENTY,other
439,"What function does a community 's water tower serve ?
",DESC:reason,DESC,reason
440,"What is a fear of weakness ?
",ENTY:dismed,ENTY,dismed
441,"How many miles is it to Ohio from North Carolina ?
",NUM:count,NUM,count
442,"How much snow equals an inch of rain ?
",NUM:count,NUM,count
443,"What does G.M.T. stand for ?
",ABBR:exp,ABBR,exp
444,"What does Inuit and Eskimo mean ?
",DESC:def,DESC,def
445,"What song served as the closing theme of The Johnny Cash Show ?
",ENTY:cremat,ENTY,cremat
446,"What field sport did dentist William Beers promote and write a standard book of rules for ?
",ENTY:sport,ENTY,sport
447,"How do I tie dye clothes ?
",DESC:manner,DESC,manner
448,"When does the average teenager first have intercourse ?
",NUM:date,NUM,date
449,"Why doesn 't www.answers.com have any answers to my questions ?
",DESC:reason,DESC,reason
450,"What actor 's autobiography is titled All My Yesterdays ?
",HUM:ind,HUM,ind
451,"What Russian master spy lived in the U.S. under the name Emil Goldfus ?
",HUM:ind,HUM,ind
452,"Where 's the 19th hole on a golf course ?
",LOC:other,LOC,other
453,"What 's nature 's purpose for tornadoes ?
",DESC:reason,DESC,reason
454,"Who played the original Charlie 's Angels ?
",HUM:ind,HUM,ind
455,"Where can I find a person 's address from a telephone number ?
",LOC:other,LOC,other
456,"What English word comes from the Old French covrefeu , meaning cover fire ?
",ENTY:word,ENTY,word
457,"What musical instrument did Prewitt play in James Jones 's From Here to Eternity ?
",ENTY:instru,ENTY,instru
458,"Where did Sarge Steel get his metal hand ?
",LOC:other,LOC,other
459,"What makes popcorn pop ?
",DESC:reason,DESC,reason
460,"Who wrote The Night of the Iguana ?
",HUM:ind,HUM,ind
461,"Where does your hair grow the fastest ?
",ENTY:body,ENTY,body
462,"What country did King Gustav V reign over from 197 to 195 ?
",LOC:country,LOC,country
463,"Who painted Mother and Child ?
",HUM:ind,HUM,ind
464,"What is the speed of the Mississippi River ?
",NUM:speed,NUM,speed
465,"In what area of the world was the Six Day War fought ?
",LOC:other,LOC,other
466,"What is the brightest star visible from Earth ?
",LOC:other,LOC,other
467,"What film marked Robert Redford 's directorial debut ?
",ENTY:cremat,ENTY,cremat
468,"What was Mao 's second name ?
",HUM:ind,HUM,ind
469,"What film or films has Jude Law appeared in ?
",ENTY:cremat,ENTY,cremat
470,"Where do hyenas live ?
",LOC:other,LOC,other
471,"Who is the `` Queen Mother '' ?
",HUM:desc,HUM,desc
472,"What 's the most commonly-spoken language in Belgium ?
",ENTY:lang,ENTY,lang
473,"Who has more DNA - a man or a woman ?
",HUM:ind,HUM,ind
474,"What are Maid-Rites ?
",DESC:def,DESC,def
475,"What children 's tale contains the line : `` Come , Cinderslut , and hold this skein of wool for me '' ?
",ENTY:cremat,ENTY,cremat
476,"What level of government or governmental agency is responsible for dealing with racism ?
",HUM:gr,HUM,gr
477,"How many referees work a soccer game ?
",NUM:count,NUM,count
478,"What cocktail do you concoct with whisky and sweet vermouth ?
",ENTY:food,ENTY,food
479,"How do you say `` fresh '' in Spanish ?
",ENTY:termeq,ENTY,termeq
480,"What do bee hives do in cranberry bogs ?
",DESC:desc,DESC,desc
481,"What caused the Lynmouth floods ?
",DESC:reason,DESC,reason
482,"When is the Tulip Festival in Michigan ?
",NUM:date,NUM,date
483,"Who came up with the name , El Nino ?
",HUM:ind,HUM,ind
484,"What movie did Madilyn Kahn star in with Gene Wilder ?
",ENTY:cremat,ENTY,cremat
485,"What type of bridge is the Golden Gate Bridge ?
",ENTY:other,ENTY,other
486,"What dictator has the nickname `` El Maximo '' ?
",HUM:ind,HUM,ind
487,"What stereo manufacturer is `` Slightly ahead of its time '' ?
",HUM:gr,HUM,gr
488,"What U.S. city is The Queen of the Pacific ?
",LOC:city,LOC,city
489,"What TV sitcom character had the maiden name Ethel Potter ?
",HUM:ind,HUM,ind
490,"What was the first Lifesaver flavor ?
",ENTY:food,ENTY,food
491,"Who kept the most famous diary in the English language ?
",HUM:ind,HUM,ind
492,"Where can I find out the top 1 singles ?
",LOC:other,LOC,other
493,"How many degrees cooler is the inside of a cucumber than the air outside ?
",NUM:count,NUM,count
494,"What Spanish artist painted Crucifixion ?
",HUM:ind,HUM,ind
495,"What is the Jewish bible called ?
",ENTY:cremat,ENTY,cremat
496,"Why is the grass green ?
",DESC:reason,DESC,reason
497,"What is a firewall ?
",DESC:def,DESC,def
498,"What spy novelist served as Moscow correspondent for Reuter and The Times of London ?
",HUM:ind,HUM,ind
499,"Which oil company almost picked a word that meant `` stalled car '' in Japanese as its new international name ?
",HUM:gr,HUM,gr
500,"How long does it take for Spider-Man 's web to evaporate ?
",NUM:period,NUM,period
501,"Who was Randy Steven Craft 's lawyer ?
",HUM:ind,HUM,ind
502,"What was known as the Spice Island ?
",LOC:other,LOC,other
503,"Who was the first host of Person to Person ?
",HUM:ind,HUM,ind
504,"Name the Ranger who was always after Yogi Bear .
",HUM:ind,HUM,ind
505,"What deck of cards includes the Wheel of Fortune , the Lovers , and Death ?
",ENTY:other,ENTY,other
506,"What does the Statue of Liberty wear on her feet ?
",ENTY:other,ENTY,other
507,"Who is the superstar in rent-a-cars ?
",HUM:ind,HUM,ind
508,"McCarren Airport is located in what city ?
",LOC:city,LOC,city
509,"What household facility contains a float ball , ballcock , and overflow tube ?
",ENTY:other,ENTY,other
510,"What was the name of Betty Boop 's dog ?
",ENTY:animal,ENTY,animal
511,"What fraction of a beaver 's life is spent swimming ?
",NUM:perc,NUM,perc
512,"What was the Bridge of San Luis Rey made of ?
",ENTY:substance,ENTY,substance
513,"What do economists do ?
",DESC:desc,DESC,desc
514,"What country has the largest sheep population ?
",LOC:country,LOC,country
515,"What do I need to do to take my dog with me to live in Dominica , West Indies for a year ?
",DESC:desc,DESC,desc
516,"What country is the world 's largest importer of cognac ?
",LOC:country,LOC,country
517,"How many years is Johnnie Walker Black Label aged ?
",NUM:count,NUM,count
518,"What does SIDS stand for ?
",ABBR:exp,ABBR,exp
519,"What is Grenada 's main commodity export ?
",ENTY:other,ENTY,other
520,"How much would a black-and-white 1-cent stamp be worth , Thomas Jefferson on it , ?
",NUM:money,NUM,money
521,"What makes a clitoris sensitive ?
",DESC:reason,DESC,reason
522,"What country has the most time zones , with 11 ?
",LOC:country,LOC,country
523,"What `` magic '' does Mandrake employ ?
",ENTY:other,ENTY,other
524,"Who is the president of Stanford University ?
",HUM:ind,HUM,ind
525,"Whose first presidential order was : `` Let 's get this goddamn thing airborne '' ?
",HUM:ind,HUM,ind
526,"What was introduced commercially by Bayer A.G. of Leverkusen , in 1899 ?
",ENTY:other,ENTY,other
527,"What city is Logan Airport in ?
",LOC:city,LOC,city
528,"What is a nanometer ?
",DESC:def,DESC,def
529,"How many innings are there in a regulation softball game ?
",NUM:count,NUM,count
530,"When did CNN go on the air ?
",NUM:date,NUM,date
531,"What is the largest city on the Great Lakes ?
",LOC:city,LOC,city
532,"What is the telephone number for the University of Kentucky ?
",NUM:code,NUM,code
533,"Who invented baseball ?
",HUM:ind,HUM,ind
534,"How many wives did Brigham Young have ?
",NUM:count,NUM,count
535,"What product on the market is good for hiding facial scars ?
",ENTY:product,ENTY,product
536,"How long is the Coney Island boardwalk ?
",NUM:dist,NUM,dist
537,"What city gained renown for its pea-soup fogs ?
",LOC:city,LOC,city
538,"What does `` Janelle '' mean ?
",DESC:def,DESC,def
539,"How do I get another city 's newspaper ?
",DESC:manner,DESC,manner
540,"Name a movie about the Sioux Indians starring Kevin Costner .
",ENTY:cremat,ENTY,cremat
541,"Who was shot in the back during a Poker game in Deadwood , the Dakota territory ?
",HUM:ind,HUM,ind
542,"What are the distinct physical characterstics of the Arabian horse ?
",DESC:desc,DESC,desc
543,"What is a fear of thunder ?
",ENTY:dismed,ENTY,dismed
544,"What animal has killed the most people ?
",ENTY:animal,ENTY,animal
545,"How many colleges are in Wyoming ?
",NUM:count,NUM,count
546,"What Russian seaport has a name meaning `` Lord of the East '' ?
",LOC:city,LOC,city
547,"Where can stocks be traded on-line ?
",LOC:other,LOC,other
548,"When was the Battle of Hastings ?
",NUM:date,NUM,date
549,"What kind of file has the extension .dbf ?
",ENTY:other,ENTY,other
550,"When did Muhammad live ?
",NUM:date,NUM,date
551,"What then-derogatory term was applied to the painters Monet , Sisley , Pissarro , Renoir and Degas ?
",ENTY:termeq,ENTY,termeq
552,"What is a wop ?
",DESC:def,DESC,def
553,"Where do rocks come from ?
",DESC:desc,DESC,desc
554,"How do I stop background noise in a car stereo ?
",DESC:manner,DESC,manner
555,"Where do people mountain climb in Nepal ?
",LOC:mount,LOC,mount
556,"What is the best college in the country ?
",HUM:gr,HUM,gr
557,"What is viscosity ?
",DESC:def,DESC,def
558,"What was the name of the sitcom that Alyssa Milano starred in with Tony Danza ?
",ENTY:cremat,ENTY,cremat
559,"What are the Nordic nations ?
",LOC:country,LOC,country
560,"Where on the Internet can I get information about the Fifth Amendment on the American Bill of Rights ?
",LOC:other,LOC,other
561,"What U.S. state borders Illinois to the north ?
",LOC:state,LOC,state
562,"Name a film in which Jude Law acted .
",ENTY:cremat,ENTY,cremat
563,"What is the temperature for baking Peachy Oat Muffins ?
",NUM:temp,NUM,temp
564,"What is a fear of bees ?
",ENTY:dismed,ENTY,dismed
565,"What Vladimir Nabokov novel features Professor Humbert in love with a 12-year-old girl ?
",ENTY:cremat,ENTY,cremat
566,"What is a green bog ?
",DESC:def,DESC,def
567,"Where did the myth of Santa Claus originate ?
",LOC:other,LOC,other
568,"What does a chairbound basophobic fear ?
",ENTY:other,ENTY,other
569,"What city is served by Logan International Airport ?
",LOC:city,LOC,city
570,"What wrestling star became `` The Incredible Hulk '' ?
",HUM:ind,HUM,ind
571,"What attracts tourists to Reims ?
",LOC:other,LOC,other
572,"What game do Steve McQueen and Edward G. Robinson play in The Cincinnati Kid ?
",ENTY:sport,ENTY,sport
573,"What fastener did Whitcomb Judson patent in 1893 ?
",ENTY:other,ENTY,other
574,"What 's an auberge in France ?
",DESC:def,DESC,def
575,"Who was the star of the 1965 Broadway hit Golden Boy ?
",HUM:ind,HUM,ind
576,"Where is Procter & Gamble based in the U.S. ?
",LOC:other,LOC,other
577,"What army was founded by William Booth and his wife Catherine ?
",HUM:gr,HUM,gr
578,"What does ribavirin consist of ?
",ENTY:substance,ENTY,substance
579,"Name the soft drink that is `` number one in the sun . ''
",ENTY:food,ENTY,food
580,"What is the web address of the list of e-mail addresses of members of the House of Representatives ?
",LOC:other,LOC,other
581,"What was her real name ?
",HUM:ind,HUM,ind
582,"Why are the ears your center of balance ?
",DESC:reason,DESC,reason
583,"Who invented the toothbrush ?
",HUM:ind,HUM,ind
584,"What was the name of that popular song the Creeps sang ?
",ENTY:cremat,ENTY,cremat
585,"Where is the Abominable Snowman said to wander ?
",LOC:other,LOC,other
586,"What is a fear of being alone ?
",ENTY:dismed,ENTY,dismed
587,"How many dots make up the symbol for `` because '' ?
",NUM:count,NUM,count
588,"What do you get by adding Lactobacillus bulgaricus to milk ?
",ENTY:food,ENTY,food
589,"When reading classified ads , what does EENTY : other stand for ?
",ABBR:exp,ABBR,exp
590,"How many hearts does an octopus have ?
",NUM:count,NUM,count
591,"What plant has the largest seed ?
",ENTY:plant,ENTY,plant
592,"What was the only country you were allowed to drive into Israel from in 1979 ?
",LOC:country,LOC,country
593,"What 's approaching when a cyclist shouts : `` Oil '' ?
",ENTY:other,ENTY,other
594,"What baseball star turned down a $1 , 000-a-year contract because he felt he had n't earned it ?
",HUM:ind,HUM,ind
595,"What kind of sport is often associated with hooligans ?
",ENTY:sport,ENTY,sport
596,"What video game hero do some of his fans call Chomper ?
",HUM:ind,HUM,ind
597,"How many holes are there in a tenpin bowling ball ?
",NUM:count,NUM,count
598,"What is the longest word in the English language ?
",ENTY:word,ENTY,word
599,"In What city or state do the most gay men live in ?
",LOC:other,LOC,other
600,"What TV comediennes 's characters include former movie star Nora Desmond , secretary Mrs. Wiggins and a housewife named Eunice ?
",HUM:ind,HUM,ind
601,"What is `` the bear of beers '' ?
",ENTY:animal,ENTY,animal
602,"Name the operating system that runs on IBM-compatible machines .
",ENTY:other,ENTY,other
603,"What does the name `` Justin '' mean ?
",DESC:def,DESC,def
604,"What percentage of the body is muscle ?
",NUM:perc,NUM,perc
605,"What color of dry wine should be served with veal roasts and chops ?
",ENTY:color,ENTY,color
606,"What is a golf ball made of ?
",ENTY:substance,ENTY,substance
607,"What is the Amish religion ?
",DESC:def,DESC,def
608,"What does an average daycare provider get paid in New England ?
",NUM:money,NUM,money
609,"What was the name of the 187s Irish terrorist group in Pennsylvania mining areas ?
",HUM:gr,HUM,gr
610,"Who played the Ringo Kid in the 1939 film Stagecoach ?
",HUM:ind,HUM,ind
611,"Who died 1 feet from where John F. Kennedy did ?
",HUM:ind,HUM,ind
612,"What is the `` coppertop '' battery ?
",DESC:def,DESC,def
613,"What sign is The Water Carrier the zodiacal symbol for ?
",ENTY:symbol,ENTY,symbol
614,"What animals do you find in the stock market ?
",ENTY:animal,ENTY,animal
615,"What is color ?
",DESC:def,DESC,def
616,"When is the site www.questions.com going to open ?
",NUM:date,NUM,date
617,"What did Shostakovich write for Rostropovich ?
",ENTY:cremat,ENTY,cremat
618,"What first name was Nipsy Russell given at birth ?
",HUM:ind,HUM,ind
619,"How can I get some free technical information on Electric Vehicle ?
",DESC:manner,DESC,manner
620,"Who is the youngest of the Beatles ?
",HUM:ind,HUM,ind
621,"How did shipyard inspector James J. Kilroy designate equipment as being satisfactory ?
",DESC:manner,DESC,manner
622,"What is a Jellicle Cat ?
",DESC:def,DESC,def
623,"Where can I find the best free evidence for debate about Russia ?
",LOC:other,LOC,other
624,"What is Bill Gates of Microsoft E-mail address ?
",LOC:other,LOC,other
625,"What is the second hardest substance ?
",ENTY:substance,ENTY,substance
626,"Why did several San Diego schools stop serving apples to students ?
",DESC:reason,DESC,reason
627,"What Russian city boasts the Hermitage Museum ?
",LOC:city,LOC,city
628,"When is Bastille Day ?
",NUM:date,NUM,date
629,"What makes a tornado turn ?
",DESC:reason,DESC,reason
630,"How many shots can a stock M16 hold ?
",NUM:count,NUM,count
631,"What two colors are you blind to if you suffer from protanopia ?
",ENTY:color,ENTY,color
632,"Why do n't you guys have some sort of contest where you ask a question and whoever finds the answers wins a prize ?
",DESC:reason,DESC,reason
633,"Who is Coronado ?
",HUM:desc,HUM,desc
634,"What was the name of the movie that starred Sharon Stone and Arnold Schwarzenegger ?
",ENTY:cremat,ENTY,cremat
635,"What is artificial intelligence ?
",DESC:def,DESC,def
636,"What do flatfish eat ?
",ENTY:food,ENTY,food
637,"Who was the first Holy Roman Emperor ?
",HUM:ind,HUM,ind
638,"What can I use to remove the stubborn gummed labels from some diskettes ?
",ENTY:other,ENTY,other
639,"What day of the week sees the most fatal car accidents ?
",NUM:date,NUM,date
640,"What is the origin of the word , magic ?
",DESC:desc,DESC,desc
641,"What sport do you shag flies in ?
",ENTY:sport,ENTY,sport
642,"What is white chocolate ?
",DESC:def,DESC,def
643,"Where is Trinidad ?
",LOC:other,LOC,other
644,"Name the organization that is presided by a Security Council .
",HUM:gr,HUM,gr
645,"Who graced the airwaves with such pearls as `` Do ya lo-o-ove me ? Get naked , baby ! '' ?
",HUM:ind,HUM,ind
646,"What kind of wine is Spumante ?
",ENTY:food,ENTY,food
647,"Who portrayed portly criminologist Carl Hyatt on Checkmate ?
",HUM:ind,HUM,ind
648,"How do you say I love you in Spanish ?
",ENTY:termeq,ENTY,termeq
649,"What does the name Gina mean ?
",DESC:def,DESC,def
650,"What is the most advanced handheld calculator in the world ?
",ENTY:product,ENTY,product
651,"How fast is light ?
",NUM:speed,NUM,speed
652,"What is the belt of low pressure around the equator called ?
",ENTY:termeq,ENTY,termeq
653,"What are shooting stars ?
",DESC:def,DESC,def
654,"Whom did the Chicago Bulls beat in the 1993 championship ?
",HUM:gr,HUM,gr
655,"When was the first American encyclopedia published ?
",NUM:date,NUM,date
656,"What 's the tallest building in New York City ?
",LOC:other,LOC,other
657,"How is Easter Sunday 's date determined ?
",DESC:manner,DESC,manner
658,"What is the Motto for the State of Maryland ?
",DESC:desc,DESC,desc
659,"Who is Desmond Tutu ?
",HUM:desc,HUM,desc
660,"Where can I find information on the Narragansett Indians and other tribes in Rhode Island ?
",LOC:other,LOC,other
661,"Name a tiger that is extinct .
",ENTY:animal,ENTY,animal
662,"How many quarters equal a pound ?
",NUM:count,NUM,count
663,"What kind of books does Fodor 's publish ?
",ENTY:cremat,ENTY,cremat
664,"What are the first names of Rowan and Martin , the stars of TV 's Laugh-In ?
",HUM:ind,HUM,ind
665,"What chapter of the Bible has the most verses ?
",NUM:ord,NUM,ord
666,"Who is the worst US President ever ?
",HUM:ind,HUM,ind
667,"What Asian leader was known as The Little Brown Saint ?
",HUM:ind,HUM,ind
668,"What is the abbreviated expression for the National Bureau of Investigation ?
",ABBR:abb,ABBR,abb
669,"How fast does the fastest car go ?
",NUM:speed,NUM,speed
670,"What is the highest mountain in the world ?
",LOC:mount,LOC,mount
671,"What arch can you see from the Place de la Concorde ?
",LOC:other,LOC,other
672,"Who sings the song `` Drink to me with thine eyes '' by Ben Johnson ?
",HUM:ind,HUM,ind
673,"How long should a person wash their hands before they are clean ?
",NUM:period,NUM,period
674,"Which way do you turn your Bic to increase the flame - clockwise or counterclockwise ?
",LOC:other,LOC,other
675,"Which is the wealthiest country in the world ?
",LOC:country,LOC,country
676,"How can I find a phone number of someone if I only know their email address ?
",DESC:manner,DESC,manner
677,"How can you contact play producers and promoters on-line ?
",DESC:manner,DESC,manner
678,"Who is the monarch of the United Kingdom ?
",HUM:ind,HUM,ind
679,"What is a fear of passing high objects ?
",ENTY:dismed,ENTY,dismed
680,"What do players try to do when the music stops in a game of musical chairs ?
",DESC:desc,DESC,desc
681,"What are the top ten most common girl names in the US ?
",HUM:ind,HUM,ind
682,"Why is black the color of mourning in the West ?
",DESC:reason,DESC,reason
683,"What is the rarest coin ?
",ENTY:other,ENTY,other
684,"What Judith Rossner novel was made into a film starring Diane Keaton ?
",ENTY:cremat,ENTY,cremat
685,"Which country is Australia 's largest export market ?
",LOC:country,LOC,country
686,"Where is the Kentucky Horse Park located ?
",LOC:other,LOC,other
687,"What is a fear of parasites ?
",ENTY:dismed,ENTY,dismed
688,"In what Olympic Games did Nadia Comaneci become popular ?
",ENTY:sport,ENTY,sport
689,"Who does data collection in tourism ?
",HUM:ind,HUM,ind
690,"What was the name of the daughter of the Virginia chief Powhatan that married John Rolfe ?
",HUM:ind,HUM,ind
691,"What is the leading pecan and peanut growing state ?
",LOC:state,LOC,state
692,"What does a nihilist believe in ?
",DESC:desc,DESC,desc
693,"What did Richard Feynman say upon hearing he would receive the Nobel Prize in Physics ?
",DESC:desc,DESC,desc
694,"In what sport are these following numbers relevant : 118 , 126 , 134 , 142 , 15 , 158 , 167 , 177 , and 19 ?
",ENTY:sport,ENTY,sport
695,"Who were the four famous founders of United Artists ?
",HUM:ind,HUM,ind
696,"What 2 statues did France give to other countries ?
",ENTY:cremat,ENTY,cremat
697,"What are amphibians ?
",DESC:def,DESC,def
698,"How many sperm cells are in an average ejaculation ?
",NUM:count,NUM,count
699,"Name the disposable razor that `` costs about 19 cents . ''
",ENTY:product,ENTY,product
700,"How far do you have to run if you hit a home run ?
",NUM:dist,NUM,dist
701,"Who was the only U.S. President to wear a Nazi uniform ?
",HUM:ind,HUM,ind
702,"Woodrow Wilson served as president of what university ?
",HUM:gr,HUM,gr
703,"Where are the tropical rain forest distributions ?
",LOC:other,LOC,other
704,"What 's the nickname of oddsmaker Jimmy Snyder ?
",HUM:ind,HUM,ind
705,"What is the fear of being loved ?
",ENTY:dismed,ENTY,dismed
706,"What was the number of people that Randy Steven Craft was convicted of killing ?
",NUM:other,NUM,other
707,"What was Queen Victoria 's title regarding India ?
",HUM:title,HUM,title
708,"How is a hydrogen bomb different from a nuclear bomb ?
",DESC:manner,DESC,manner
709,"How far can a man travel in outer space ?
",NUM:dist,NUM,dist
710,"Where was Lincoln assassinated ?
",LOC:other,LOC,other
711,"What type of food makes you fat ?
",ENTY:food,ENTY,food
712,"What is the name of the chronic neurological autoimmune disease which attacks the protein sheath that surrounds nerve cells causing a gradual loss of movement in the body ?
",ENTY:dismed,ENTY,dismed
713,"What was the U.S. highway death toll in 1969 ?
",NUM:count,NUM,count
714,"What kind of animals are Dorsets , Lincolns , Oxfords and Southdowns ?
",ENTY:animal,ENTY,animal
715,"What are the shortest and the longest songs ever produced ?
",ENTY:cremat,ENTY,cremat
716,"What letter is to the right of K on a typewriter keyboard ?
",ENTY:letter,ENTY,letter
717,"What is the origin and the meaning of the name , `` Hajo ? ''
",DESC:desc,DESC,desc
718,"What is the plural of gulf ?
",ENTY:word,ENTY,word
719,"Whose autobiography is titled Yes I Can ?
",HUM:ind,HUM,ind
720,"What year did the United States pass the Copyright law ?
",NUM:date,NUM,date
721,"What percentage of Americans own their homes ?
",NUM:perc,NUM,perc
722,"What 's the first day of the week ?
",NUM:date,NUM,date
723,"What city was President William McKinley shot in ?
",LOC:city,LOC,city
724,"What city has the world 's longest subway system ?
",LOC:city,LOC,city
725,"Who claimed he killed 4 , 280 buffalo as food for the crew building the Kansas Pacific Railway ?
",HUM:ind,HUM,ind
726,"What is Bombay duck ?
",DESC:def,DESC,def
727,"How many degrees cooler is the inside of a cucumber than the air outside ?
",NUM:count,NUM,count
728,"What double talking `` professor '' holds a doctorate in Nothing ?
",HUM:ind,HUM,ind
729,"What are the five most expensive cities in the world ?
",LOC:city,LOC,city
730,"What 19th-century writer had a country estate on the Hudson dubbed Sunnyside ?
",HUM:ind,HUM,ind
731,"How many layers of yellow paint is a Faber Mongol pencil lucky enough to be sprayed with ?
",NUM:count,NUM,count
732,"What is a virtual IP address ?
",DESC:def,DESC,def
733,"What was the name of the cook on Rawhide ?
",HUM:ind,HUM,ind
734,"What county is Chicago in ?
",LOC:other,LOC,other
735,"What is the wingspan of a condor ?
",NUM:dist,NUM,dist
736,"What facial feature typically contains about 55 hairs ?
",DESC:desc,DESC,desc
737,"Who was named Admiral of the Ocean Seas and Viceroy and Governor General of all the islands he might discover , and also granted 10-?? of all profits of his voyage .
",HUM:ind,HUM,ind
738,"How can I transport files from one computer to another ?
",DESC:manner,DESC,manner
739,"What 's the literary term for a play on words ?
",ENTY:termeq,ENTY,termeq
740,"What color were their horses ?
",ENTY:color,ENTY,color
741,"What does an average daycare provider get paid in New England ?
",NUM:money,NUM,money
742,"What author landed a 468-pound marlin without harness in the early 193 's ?
",HUM:ind,HUM,ind
743,"How many Americans fought for the British in the American Revolution ?
",NUM:count,NUM,count
744,"What kind of education do I need to become a flight attendant ?
",ENTY:other,ENTY,other
745,"What are the two languages of Malta ?
",ENTY:lang,ENTY,lang
746,"How many oceans are there and name them ?
",NUM:count,NUM,count
747,"What happened during the Blackhawk Indian war of 1832 ?
",DESC:desc,DESC,desc
748,"How many pairs of legs does a lobster have ?
",NUM:count,NUM,count
749,"What does the Latin ante mortem mean ?
",DESC:def,DESC,def
750,"What does the name Shawn mean ?
",DESC:def,DESC,def
751,"Where is the Danube ?
",LOC:other,LOC,other
752,"What lawyer won the largest divorce settlement , $85 million , in U.S. history for Sheika Dena Al-Farri ?
",HUM:ind,HUM,ind
753,"What do you call a group of geese ?
",ENTY:animal,ENTY,animal
754,"Who delivered his last newscast on March 6 , 1981 ?
",HUM:ind,HUM,ind
755,"How many times has `` Louie , Louie '' been recorded ?
",NUM:count,NUM,count
756,"How is Answers.com different from KnowPost.com ?
",DESC:manner,DESC,manner
757,"What is the longest place name in the U.S. ?
",LOC:other,LOC,other
758,"What percent liked Thatcher after she had been in power for a decade ?
",NUM:perc,NUM,perc
759,"Where does Buzz Aldrin want to build a permanent , manned space station ?
",LOC:other,LOC,other
760,"What was Mel Gibson 's first movie ?
",ENTY:cremat,ENTY,cremat
761,"Why was the L.A. office of Shea and Gould closed ?
",DESC:reason,DESC,reason
762,"How do I start a bank ?
",DESC:manner,DESC,manner
763,"How do Ouija Boards work ?
",DESC:manner,DESC,manner
764,"What horse did Zorro ride ?
",ENTY:animal,ENTY,animal
765,"How do you get a broken cork out of a bottle ?
",DESC:manner,DESC,manner
766,"Where can I find correct tabs for Third Eye Blind songs ?
",LOC:other,LOC,other
767,"How do you determine heating requirements for your home ?
",DESC:manner,DESC,manner
768,"What former major-league left-handed baseball pitcher was known as `` Space Man '' ?
",HUM:ind,HUM,ind
769,"Which hair care product told us `` hate that gray , wash it away '' ?
",ENTY:product,ENTY,product
770,"Why did the chicken cross the road ?
",DESC:reason,DESC,reason
771,"What was Michelangelo 's last name ?
",HUM:ind,HUM,ind
772,"Who is Barbara Jordan ?
",HUM:desc,HUM,desc
773,"Who was the Democratic nominee in the American presidential election ?
",HUM:ind,HUM,ind
774,"What was Connecticut 's first constitution called ?
",ENTY:cremat,ENTY,cremat
775,"What historical event happened in Dogtown in 1899 ?
",ENTY:event,ENTY,event
776,"What is being done about the millennium bug ?
",DESC:def,DESC,def
777,"What was the claim to fame of King Camp Gillette ?
",DESC:reason,DESC,reason
778,"What is the most common kind of skin cancer in the U.S. ?
",ENTY:dismed,ENTY,dismed
779,"What is Olestra ?
",DESC:def,DESC,def
780,"What Asian country has a bill of rights for cows ?
",LOC:country,LOC,country
781,"How many fingers are used to draw a bow ?
",NUM:count,NUM,count
782,"What are two plants that clothes are made from ?
",ENTY:plant,ENTY,plant
783,"When was Hurricane Hugo ?
",NUM:date,NUM,date
784,"What is the most heavily caffeinated soft drink ?
",ENTY:food,ENTY,food
785,"What President-to-be was the first member of Congress to enlist following the attack on Pearl Harbor ?
",HUM:ind,HUM,ind
786,"What was the price of Varian Associates ' vacuum products division ?
",NUM:money,NUM,money
787,"When was `` the Great Depression '' ?
",NUM:date,NUM,date
788,"What language is mostly spoken in Brazil ?
",ENTY:lang,ENTY,lang
789,"What college produced the most winning Super Bowl quarterbacks ?
",HUM:gr,HUM,gr
790,"How do you solve `` Rubik 's Cube '' ?
",DESC:manner,DESC,manner
791,"What is prepared mustard ?
",DESC:def,DESC,def
792,"What classical Spanish writer warned : `` All that glitters is not gold '' ?
",HUM:ind,HUM,ind
793,"What does `` antidisestablishmentarianism '' mean ?
",DESC:def,DESC,def
794,"What actor married John F. Kennedy 's sister ?
",HUM:ind,HUM,ind
795,"What does a topophobic actor suffer from ?
",ENTY:dismed,ENTY,dismed
796,"Who fired Maria Ybarra from her position in San Diego council ?
",HUM:ind,HUM,ind
797,"The italian artist , Maurizio Pellegrin , is how old ?
",NUM:period,NUM,period
798,"What type of hunting are retrievers used for ?
",ENTY:other,ENTY,other
799,"What is Colin Powell best known for ?
",DESC:reason,DESC,reason
800,"Who was the first black golfer to tee off in the Masters ?
",HUM:ind,HUM,ind
801,"What city is the setting for Puccini 's opera La Boheme ?
",LOC:city,LOC,city
802,"What U.S. President showed a fondness for munching on bee pollen bars ?
",HUM:ind,HUM,ind
803,"What is measured in curies ?
",DESC:def,DESC,def
804,"Whose cover is that of an employee of Universal Import and Export ?
",HUM:ind,HUM,ind
805,"What former president 's daughter has written a book titled Murder in the White House ?
",HUM:ind,HUM,ind
806,"What fictional character is known as the `` melancholy Dane '' ?
",HUM:ind,HUM,ind
807,"Italy is the largest producer of what ?
",ENTY:product,ENTY,product
808,"What longtime game show host dropped dead while jogging in Central Park in 1984 ?
",HUM:ind,HUM,ind
809,"What is the meaning of W.B. Yeat 's poem , `` The Three Hermits ? ''
",DESC:def,DESC,def
810,"Who were the `` filthiest people alive ? ''
",HUM:ind,HUM,ind
811,"What infectious disease is the world 's deadliest ?
",ENTY:dismed,ENTY,dismed
812,"What is Spumante ?
",DESC:def,DESC,def
813,"In what year did Ireland elect its first woman president ?
",NUM:date,NUM,date
814,"What is an isthmus ?
",DESC:def,DESC,def
815,"What was the name of the orca that died of a fungal infection ?
",ENTY:animal,ENTY,animal
816,"Where is Mozambique located ?
",LOC:other,LOC,other
817,"What is Mississippi 's state animal ?
",ENTY:animal,ENTY,animal
818,"What 's the origin of the word ` news ' ?
",DESC:desc,DESC,desc
819,"What did Dan Aykroyd and John Belushi quit Saturday Night Live to become ?
",ENTY:other,ENTY,other
820,"How many months does a normal human pregnancy last ?
",NUM:count,NUM,count
821,"How do fuel injectors work ?
",DESC:manner,DESC,manner
822,"How can your school march in the Macy 's Thanksgiving Parade ?
",DESC:manner,DESC,manner
823,"What is the real name of disc jockey `` Wolfman Jack '' ?
",HUM:ind,HUM,ind
824,"What Italian liner was hijacked in 1985 ?
",ENTY:veh,ENTY,veh
825,"What city houses the U.S. headquarters of Procter and Gamble ?
",LOC:city,LOC,city
826,"What soap was touted as being `` for people who like people '' ?
",ENTY:product,ENTY,product
827,"How much was the minimum wage in 1991 ?
",NUM:money,NUM,money
828,"What does NAFTA stand for ?
",ABBR:exp,ABBR,exp
829,"Who invented silly putty ?
",HUM:ind,HUM,ind
830,"What new middle school was built in Philadelphia , Pennsylvania last year ?
",HUM:gr,HUM,gr
831,"Who patented the first phonograph ?
",HUM:ind,HUM,ind
832,"What are some tips for building a fire in a fireplace ?
",ENTY:techmeth,ENTY,techmeth
833,"What do manatees eat ?
",ENTY:food,ENTY,food
834,"How do you say 2 in Latin ?
",ENTY:termeq,ENTY,termeq
835,"What were popular songs and types of songs in the 1920s ?
",ENTY:cremat,ENTY,cremat
836,"How many Vietnamese were there in the Soviet Union ?
",NUM:count,NUM,count
837,"What is November 's birthstone ?
",ENTY:other,ENTY,other
838,"What is a Certified Nurse Midwife ?
",DESC:def,DESC,def
839,"On average , how many miles are there to the moon ?
",NUM:count,NUM,count
840,"Who created private detective Philip Marlowe ?
",HUM:ind,HUM,ind
841,"What Boris Pasternak book sold 5 , 0 copies to become the fiction best-seller of 1958 ?
",ENTY:cremat,ENTY,cremat
842,"What is the origin of the expression `` tout de suite '' ?
",DESC:desc,DESC,desc
843,"What is the longest English word ?
",ENTY:word,ENTY,word
844,"What is the purpose of a car bra ?
",DESC:reason,DESC,reason
845,"What is D.B. Cooper known for ?
",DESC:reason,DESC,reason
846,"Who is Colin Powell ?
",HUM:desc,HUM,desc
847,"What species is a colt ?
",ENTY:animal,ENTY,animal
848,"What is the full name of the PLO ?
",ABBR:exp,ABBR,exp
849,"What is the smallest country in Africa ?
",LOC:country,LOC,country
850,"Who coined the term NN cyberspace `` in his novel NN Neuromancer '' ?
",HUM:ind,HUM,ind
851,"What age followed the Bronze Age ?
",ENTY:event,ENTY,event
852,"What is her profession ?
",HUM:title,HUM,title
853,"What is the full name of the man who invented the multicolored game cube that has 42.3 quintillion potential combinations ?
",HUM:ind,HUM,ind
854,"What does the word LASER mean ?
",ABBR:exp,ABBR,exp
855,"What does the name `` Anthony '' mean ?
",DESC:def,DESC,def
856,"Who was Lauren Bacall 's first husband ?
",HUM:ind,HUM,ind
857,"What is a rhomboideus minor ?
",DESC:def,DESC,def
858,"How many hands does Bjorn Borg use when hitting his forehand ?
",NUM:count,NUM,count
859,"How many people died on D-Day ?
",NUM:count,NUM,count
860,"What U.S. Congressman said : `` Keep the faith , baby '' .
",HUM:ind,HUM,ind
861,"Who created the character of Scrooge ?
",HUM:ind,HUM,ind
862,"What is the student population at the University of Massachusetts in Amherst ?
",NUM:other,NUM,other
863,"Where is Windsor Castle ?
",LOC:other,LOC,other
864,"When did the Dow first reach ?
",NUM:date,NUM,date
865,"Why were people recruited for the Vietnam War ?
",DESC:reason,DESC,reason
866,"What party was Winston Churchill a member of ?
",HUM:gr,HUM,gr
867,"What American League baseball team 's worst finish between 1926 and 1964 was fourth ?
",HUM:gr,HUM,gr
868,"Where can I find the names of all the 15 Pokemon ?
",LOC:other,LOC,other
869,"What state does Martha Stewart live in ?
",LOC:state,LOC,state
870,"Which killer whale died at Sea World of a fungal infection ?
",ENTY:animal,ENTY,animal
871,"What are the Benelux countries ?
",LOC:country,LOC,country
872,"Where 's the Petrified Forest ?
",LOC:other,LOC,other
873,"What is a language spoken by the Sioux ?
",ENTY:lang,ENTY,lang
874,"Where is Tornado Alley ?
",LOC:other,LOC,other
875,"Who was the author of `` John Brown 's Body '' ?
",HUM:ind,HUM,ind
876,"What American poet wrote : `` Good fences make good neighbors '' ?
",HUM:ind,HUM,ind
877,"What state in the U.S. has the most blacks ?
",LOC:state,LOC,state
878,"Why are electric cars less efficient in the northeast than in California ?
",DESC:reason,DESC,reason
879,"What was the occupation of Mandy Rice-Davies ?
",HUM:title,HUM,title
880,"What is the city in which Maurizio Pellegrin lives called ?
",LOC:city,LOC,city
881,"Who painted the Sistine Chapel ?
",HUM:ind,HUM,ind
882,"Name the various costumed personas of Dr. Henry Pym .
",HUM:ind,HUM,ind
883,"What breed of dog was the `` Little Rascals '' dog ?
",ENTY:animal,ENTY,animal
884,"What are the living conditions in Cuba ?
",DESC:desc,DESC,desc
885,"What color are school buses ?
",ENTY:color,ENTY,color
886,"What is the oldest website on the Internet ?
",LOC:other,LOC,other
887,"What events happened January 26 , 1978 ?
",ENTY:event,ENTY,event
888,"What explorers followed Columbus to the Americas ?
",HUM:ind,HUM,ind
889,"Who is actress Goldie Hawn 's current actor boyfriend ?
",HUM:ind,HUM,ind
890,"Who banned Peter Rose from baseball for betting on games ?
",HUM:ind,HUM,ind
891,"What are the seven virtues ?
",DESC:def,DESC,def
892,"What other name were the `` Little Rascals '' known as ?
",ENTY:termeq,ENTY,termeq
893,"When was the San Francisco fire ?
",NUM:date,NUM,date
894,"What is a fear of food ?
",ENTY:dismed,ENTY,dismed
895,"How many casinos are in Atlantic City , NJ ?
",NUM:count,NUM,count
896,"What year did the Vietnam War end ?
",NUM:date,NUM,date
897,"What are the names of Richard Nixon 's two daughters ?
",HUM:ind,HUM,ind
898,"What 's the word for broken glass or sharp rocks embedded in cement on top of a wall ?
",ENTY:word,ENTY,word
899,"What is the chromosome number of an elephant ?
",NUM:count,NUM,count
900,"What organization was founded by the Rev. Jerry Falwell ?
",HUM:gr,HUM,gr
901,"What 's the longest river in the world ?
",LOC:other,LOC,other
902,"Which soft drink does Madonna advertise for ?
",ENTY:food,ENTY,food
903,"What company is being bought by Yahoo and how much is the deal worth ?
",HUM:gr,HUM,gr
904,"When was Berlin 's Brandenburg gate erected ?
",NUM:date,NUM,date
905,"How many double-word-score spaces are there on a Scrabble Crossword Game board ?
",NUM:count,NUM,count
906,"What year did Germany sign its nonaggression pact with the Soviet Union ?
",NUM:date,NUM,date
907,"What mountain range is traversed by the highest railroad in the world ?
",LOC:mount,LOC,mount
908,"Why were the American soldiers in WWI called `` Doughboys ''
",DESC:reason,DESC,reason
909,"Who was nicknamed The Little Corporal ?
",HUM:ind,HUM,ind
910,"How many CDs has Garth Brooks sold ?
",NUM:count,NUM,count
911,"Name the vessel used by the Atari Force in the DC comics .
",ENTY:veh,ENTY,veh
912,"Where are the leading medical groups specializing in lung diseases ?
",LOC:other,LOC,other
913,"How can I find online spelling , and punctuation drills for my 6th grader ?
",DESC:manner,DESC,manner
914,"What 's the sacred river of India ?
",LOC:other,LOC,other
915,"What is Stefan Edberg 's native country ?
",LOC:country,LOC,country
916,"What is the only gland in humans that can regenerate itself ?
",ENTY:body,ENTY,body
917,"How many Gutenberg Bibles are there ?
",NUM:count,NUM,count
918,"Name the largest country in South America .
",LOC:country,LOC,country
919,"What astronomical phenomenon takes place in Jan. 1999 ?
",ENTY:event,ENTY,event
920,"What information can you get me on Fairground Park in St. Louis
",DESC:desc,DESC,desc
921,"What was American folk hero John Chapman 's nickname ?
",HUM:ind,HUM,ind
922,"What is the difference between a median and a mean ?
",DESC:desc,DESC,desc
923,"What was the top box office movie in April 1998 ?
",ENTY:cremat,ENTY,cremat
924,"What makes thunder ?
",DESC:reason,DESC,reason
925,"What author did photographer Yousuf Karsh call `` the shiest man I ever met '' ?
",HUM:ind,HUM,ind
926,"Which is the largest clock , diameter wise , in Europe ?
",ENTY:other,ENTY,other
927,"What plant is rum made from ?
",ENTY:plant,ENTY,plant
928,"What country are Godiva chocolates from ?
",LOC:country,LOC,country
929,"Name the poet of the poem which begins : I do not know much about gods ; but I think that the river Is a strong brown god-sullen , and untamed ?
",HUM:ind,HUM,ind
930,"Which condiment was once sold as a patent medicine ?
",ENTY:food,ENTY,food
931,"What U.S. state records the least rainfall ?
",LOC:state,LOC,state
932,"Why did the world enter a global depression in 1929 ?
",DESC:reason,DESC,reason
933,"What was archy , and mehitabel ?
",DESC:def,DESC,def
934,"What Texas city got its name from the Spanish for `` yellow '' ?
",LOC:city,LOC,city
935,"What are the chemicals used in glowsticks ?
",ENTY:substance,ENTY,substance
936,"What country did the Nile River originate in ?
",LOC:country,LOC,country
937,"What color are tennis balls ?
",ENTY:color,ENTY,color
938,"What barroom judge called himself The Law West of the Pecos ?
",HUM:ind,HUM,ind
939,"What excuse did the NATO people give for hitting the Chinese embassy ?
",DESC:desc,DESC,desc
940,"Who was President of Costa Rica in 1994 ?
",HUM:ind,HUM,ind
941,"What sports event is Meyer Wolfsheim supposed to have fixed in The Great Gatsby ?
",ENTY:sport,ENTY,sport
942,"What country has the best defensive position in the board game Diplomacy ?
",LOC:country,LOC,country
943,"What two countries share the Khyber Pass ?
",LOC:country,LOC,country
944,"Who was chairman of the Senate select committee that tried to get to the bottom of Watergate ?
",HUM:ind,HUM,ind
945,"What is the origin of the surname of Braun ?
",DESC:desc,DESC,desc
946,"What card game has variations called Canfield , Klondike and Spider ?
",ENTY:sport,ENTY,sport
947,"What is Australia Day ?
",DESC:def,DESC,def
948,"What mammal of North America is the world 's longest-lived for its size ?
",ENTY:animal,ENTY,animal
949,"What was the Chivington Massacre ?
",DESC:def,DESC,def
950,"What actor starred in 1980 's Blue Lagoon , 1982 's The Pirate Movie and 1983 's A Night in Heaven ?
",HUM:ind,HUM,ind
951,"How many home runs did Lou Gehrig have during his career ?
",NUM:count,NUM,count
952,"In what city is the headquarters of Sinn Fein ?
",LOC:city,LOC,city
953,"Where can I find information on George Bush ?
",LOC:other,LOC,other
954,"Who is the voice of Miss Piggy ?
",HUM:ind,HUM,ind
955,"What is the dialogue circle in cartoons called ?
",ENTY:termeq,ENTY,termeq
956,"What does the word camaro mean , from the GM car the Camaro ?
",DESC:def,DESC,def
957,"Who replaced Bert Parks as the host of The Miss America Pageant ?
",HUM:ind,HUM,ind
958,"How many boys play the game in Winslow Homer 's 1872 painting Snap the Whip ?
",NUM:count,NUM,count
959,"What is the AIM-54C Phoenix ?
",DESC:def,DESC,def
960,"When are sheep shorn ?
",NUM:date,NUM,date
961,"What sport is Chris Jogis a top player of ?
",ENTY:sport,ENTY,sport
962,"What 's the second-largest island in the world ?
",LOC:other,LOC,other
963,"What is the definition of low island ?
",DESC:def,DESC,def
964,"What century does Captain Video live in ?
",NUM:date,NUM,date
965,"What types of water pollution are there ?
",ENTY:other,ENTY,other
966,"How many astronauts manned each Project Mercury flight ?
",NUM:count,NUM,count
967,"What soft drink would provide me with the biggest intake of caffeine ?
",ENTY:food,ENTY,food
968,"What 's the name of a golf course in Myrtle Beach ?
",ENTY:other,ENTY,other
969,"What are some of the significant historical events of the 1990s ?
",ENTY:event,ENTY,event
970,"Name the only extant trilogy of classical Greek plays .
",ENTY:cremat,ENTY,cremat
971,"Where is Logan Airport ?
",LOC:other,LOC,other
972,"What is the difference between Neoclassical art and Romanticism art ?
",DESC:desc,DESC,desc
973,"Who was the first person inducted into the U.S. Swimming Hall of Fame ?
",HUM:ind,HUM,ind
974,"What golfer has been called Ohio Fats and Blobbo ?
",HUM:ind,HUM,ind
975,"Who murdered Leno and Rosemary LaBianca on August 1
",HUM:ind,HUM,ind
976,"What is the average cost for four years of medical school ?
",NUM:money,NUM,money
977,"What does God create in the first sentence of the Bible ?
",ENTY:other,ENTY,other
978,"Which of the following men was not married to Rita Hayworth ?
",HUM:ind,HUM,ind
979,"What is the current ticket fare from from Cairo to Barbados ?
",NUM:money,NUM,money
980,"What does NN O `` mean when used as a prefix in Irish surnames ?
",ABBR:exp,ABBR,exp
981,"How do you find oxidation numbers ?
",DESC:manner,DESC,manner
982,"What is the state nickname of Mississippi ?
",LOC:state,LOC,state
983,"What is Black Hills , South Dakota most famous for ?
",DESC:reason,DESC,reason
984,"What 1966 boob tube bomb took astronauts back to prehistoric times ?
",ENTY:cremat,ENTY,cremat
985,"How many students attend the University of Massachusetts ?
",NUM:count,NUM,count
986,"Who said , `` I shall return . '' during World War Two ?
",HUM:ind,HUM,ind
987,"What holidays are celebrated in Ireland ?
",ENTY:event,ENTY,event
988,"Who portrayed Etta Place , companion to Butch Cassidey and the Sundance Kid ?
",HUM:ind,HUM,ind
989,"What are the Greek numerals ?
",DESC:def,DESC,def
990,"What 's the name of the temple that is located near the capital city of Laos ?
",LOC:other,LOC,other
991,"What is a fear of sleep ?
",ENTY:dismed,ENTY,dismed
992,"What auto race was Wilbur Reed the first to win three times ?
",ENTY:sport,ENTY,sport
993,"What are the most common breeding birds in the U.S. ?
",ENTY:animal,ENTY,animal
994,"What was organized as a Confederate veterans ' social club in Pulaski , in Tennessee , in 1866 ?
",ENTY:event,ENTY,event
995,"How do you look up criminal records on the Internet ?
",DESC:manner,DESC,manner
996,"Where is the actress , Marion Davies , buried ?
",LOC:other,LOC,other
997,"What is an example of an actual case of using the Fourteenth Amendment ?
",DESC:desc,DESC,desc
998,"Who was the Charlie perfume woman ?
",HUM:ind,HUM,ind
999,"Who portrayed `` Rosanne Rosanna-Dana '' on the television show `` Saturday Night Live '' ?
",HUM:ind,HUM,ind
